step,confidence
1,1.0
2,0.95
3,0.8999999999999999
4,0.9199999999999999
