step,confidence
1,1.0
2,1.0
3,1.0
4,1.0
5,1.0
6,0.95
7,0.8999999999999999
8,0.9199999999999999
9,0.94
10,0.96
11,0.98
12,1.0
13,1.0
14,1.0
15,1.0
16,1.0
17,1.0
18,1.0
19,1.0
20,1.0
21,0.95
22,0.8999999999999999
23,0.8499999999999999
24,0.8699999999999999
25,0.8899999999999999
26,0.9099999999999999
27,0.9299999999999999
28,0.95
29,0.97
30,0.99
31,1.0
32,0.95
33,0.97
34,0.99
35,1.0
