step,confidence
1,1.0
2,1.0
3,1.0
4,1.0
5,1.0
6,1.0
7,1.0
8,0.95
9,0.8999999999999999
10,0.9199999999999999
11,0.94
12,0.96
13,0.98
14,0.9299999999999999
15,0.95
16,0.97
17,0.99
18,1.0
19,1.0
20,1.0
21,0.95
22,0.8999999999999999
